<?xml version="1.0" encoding="UTF-8"?>
<project xmlns="http://maven.apache.org/POM/4.0.0" xmlns:xsi="http://www.w3.org/2001/XMLSchema-instance" xsi:schemaLocation="http://maven.apache.org/POM/4.0.0 http://maven.apache.org/maven-v4_0_0.xsd">
  <modelVersion>4.0.0</modelVersion>
  <groupId>com.thalesground.metrics.viewership</groupId>
  <artifactId>stvplus_viewership_metrics</artifactId>
  <version>0.0.1</version>
  <build>
    <sourceDirectory>src/main/scala</sourceDirectory>
    <testSourceDirectory>src/test/scala</testSourceDirectory>
    <pluginManagement>
      <plugins>
        <plugin>
          <groupId>net.alchim31.maven</groupId>
          <artifactId>scala-maven-plugin</artifactId>
          <version>3.2.1</version>
        </plugin>
      </plugins>
    </pluginManagement>
    <plugins>
      <plugin>
        <groupId>org.scoverage</groupId>
        <artifactId>scoverage-maven-plugin</artifactId>
        <version>${scoverage.plugin.version}</version>
        <configuration>
          <scalaVersion>${scala.version}</scalaVersion>
        </configuration>
      </plugin>
      <plugin>
        <groupId>net.alchim31.maven</groupId>
        <artifactId>scala-maven-plugin</artifactId>
        <executions>
          <execution>
            <id>scala-compile-first</id>
            <phase>process-resources</phase>
            <goals>
              <goal>add-source</goal>
              <goal>compile</goal>
            </goals>
          </execution>
          <execution>
            <id>scala-test-compile</id>
            <phase>process-test-resources</phase>
            <goals>
              <goal>testCompile</goal>
            </goals>
          </execution>
        </executions>
        <configuration>
          <scalaVersion>2.10.6</scalaVersion>
        </configuration>
      </plugin>
      <plugin>
        <artifactId>maven-compiler-plugin</artifactId>
        <version>3.6.2</version>
        <executions>
          <execution>
            <phase>compile</phase>
            <goals>
              <goal>compile</goal>
            </goals>
          </execution>
        </executions>
        <configuration>
          <source>${java.version}</source>
          <target>${java.version}</target>
        </configuration>
      </plugin>
      <plugin>
        <artifactId>maven-surefire-plugin</artifactId>
        <version>2.13</version>
        <configuration>
          <skipTests>true</skipTests>
        </configuration>
      </plugin>
      <plugin>
        <groupId>org.scalatest</groupId>
        <artifactId>scalatest-maven-plugin</artifactId>
        <version>1.0</version>
        <executions>
          <execution>
            <id>test</id>
            <goals>
              <goal>test</goal>
            </goals>
          </execution>
        </executions>
        <configuration>
          <reportsDirectory>${project.build.directory}/surefire-reports</reportsDirectory>
          <junitxml>.</junitxml>
          <filereports>WDF TestSuite.txt</filereports>
        </configuration>
      </plugin>
      <plugin>
        <artifactId>maven-shade-plugin</artifactId>
        <executions>
          <execution>
            <phase>package</phase>
            <goals>
              <goal>shade</goal>
            </goals>
          </execution>
        </executions>
        <configuration>
          <transformers>
            <transformer />
          </transformers>
          <filters>
            <filter>
              <artifact>*:*</artifact>
              <excludes>
                <exclude>META-INF/*.SF</exclude>
                <exclude>META-INF/*.DSA</exclude>
                <exclude>META-INF/*.RSA</exclude>
              </excludes>
            </filter>
          </filters>
        </configuration>
      </plugin>
      <plugin>
        <artifactId>maven-assembly-plugin</artifactId>
        <executions>
          <execution>
            <phase>package</phase>
            <goals>
              <goal>single</goal>
            </goals>
          </execution>
        </executions>
        <configuration>
          <descriptors>
            <descriptor>src/main/assembly/tar-packaging.xml</descriptor>
          </descriptors>
          <finalName>${project.artifactId}</finalName>
        </configuration>
      </plugin>
      <plugin>
        <artifactId>maven-site-plugin</artifactId>
        <version>${site.plugin.version}</version>
      </plugin>
      <plugin>
        <groupId>pl.project13.maven</groupId>
        <artifactId>git-commit-id-plugin</artifactId>
        <version>2.2.4</version>
        <executions>
          <execution>
            <id>get-the-git-infos</id>
            <goals>
              <goal>revision</goal>
            </goals>
          </execution>
        </executions>
        <configuration>
          <dotGitDirectory>${project.basedir}/.git</dotGitDirectory>
          <verbose>true</verbose>
          <generateGitPropertiesFile>true</generateGitPropertiesFile>
          <generateGitPropertiesFilename>${project.build.outputDirectory}/git.properties</generateGitPropertiesFilename>
        </configuration>
      </plugin>
    </plugins>
  </build>
  <repositories>
    <repository>
      <snapshots>
        <enabled>false</enabled>
      </snapshots>
      <id>nexus</id>
      <url>http://use08nexus01p.dom2.local:8081/nexus/content/repositories/GRND/</url>
    </repository>
    <repository>
      <id>hortonworks</id>
      <url>http://repo.hortonworks.com/content/repositories/releases/</url>
    </repository>
    <repository>
      <id>repo.hortonworks.com-jetty</id>
      <name>Hortonworks Jetty Maven Repository</name>
      <url>http://repo.hortonworks.com/content/repositories/jetty-hadoop/</url>
    </repository>
    <repository>
      <id>central</id>
      <url>http://repo1.maven.org/maven2</url>
    </repository>
    <repository>
      <id>central2</id>
      <url>http://central.maven.org/maven2/</url>
    </repository>
  </repositories>
  <dependencies>
    <dependency>
      <groupId>com.thales.avionics.ife</groupId>
      <artifactId>tvs-etl-common</artifactId>
      <version>2.3.11</version>
      <type>test-jar</type>
      <scope>test</scope>
    </dependency>
    <dependency>
      <groupId>junit</groupId>
      <artifactId>junit</artifactId>
      <version>4.11</version>
      <scope>test</scope>
      <exclusions>
        <exclusion>
          <artifactId>hamcrest-core</artifactId>
          <groupId>org.hamcrest</groupId>
        </exclusion>
      </exclusions>
    </dependency>
    <dependency>
      <groupId>org.specs2</groupId>
      <artifactId>specs2_2.10</artifactId>
      <version>1.13</version>
      <scope>test</scope>
      <exclusions>
        <exclusion>
          <artifactId>scalaz-core_2.10</artifactId>
          <groupId>org.specs2</groupId>
        </exclusion>
        <exclusion>
          <artifactId>scalaz-concurrent_2.10</artifactId>
          <groupId>org.specs2</groupId>
        </exclusion>
      </exclusions>
    </dependency>
    <dependency>
      <groupId>org.scalatest</groupId>
      <artifactId>scalatest_2.10</artifactId>
      <version>2.2.1</version>
      <scope>test</scope>
    </dependency>
    <dependency>
      <groupId>org.mockito</groupId>
      <artifactId>mockito-all</artifactId>
      <version>1.10.19</version>
      <scope>test</scope>
    </dependency>
    <dependency>
      <groupId>com.holdenkarau</groupId>
      <artifactId>spark-testing-base_2.10</artifactId>
      <version>1.6.2_0.8.0</version>
      <scope>test</scope>
      <exclusions>
        <exclusion>
          <artifactId>scalacheck_2.10</artifactId>
          <groupId>org.scalacheck</groupId>
        </exclusion>
        <exclusion>
          <artifactId>scalactic_2.10</artifactId>
          <groupId>org.scalactic</groupId>
        </exclusion>
        <exclusion>
          <artifactId>scalatest_2.10</artifactId>
          <groupId>org.scalatest</groupId>
        </exclusion>
        <exclusion>
          <artifactId>multisets_2.10</artifactId>
          <groupId>io.github.nicolasstucki</groupId>
        </exclusion>
        <exclusion>
          <artifactId>jetty-util</artifactId>
          <groupId>org.eclipse.jetty</groupId>
        </exclusion>
        <exclusion>
          <artifactId>hadoop-yarn-server-tests</artifactId>
          <groupId>org.apache.hadoop</groupId>
        </exclusion>
        <exclusion>
          <artifactId>hadoop-yarn-server-tests</artifactId>
          <groupId>org.apache.hadoop</groupId>
        </exclusion>
        <exclusion>
          <artifactId>hadoop-yarn-server-web-proxy</artifactId>
          <groupId>org.apache.hadoop</groupId>
        </exclusion>
        <exclusion>
          <artifactId>hadoop-yarn-server-web-proxy</artifactId>
          <groupId>org.apache.hadoop</groupId>
        </exclusion>
        <exclusion>
          <artifactId>hadoop-minicluster</artifactId>
          <groupId>org.apache.hadoop</groupId>
        </exclusion>
      </exclusions>
    </dependency>
    <dependency>
      <groupId>org.scalactic</groupId>
      <artifactId>scalactic_2.10</artifactId>
      <version>2.2.1</version>
      <scope>test</scope>
    </dependency>
    <dependency>
      <groupId>com.h2database</groupId>
      <artifactId>h2</artifactId>
      <version>1.4.196</version>
      <scope>test</scope>
    </dependency>
    <dependency>
      <groupId>commons-io</groupId>
      <artifactId>commons-io</artifactId>
      <version>2.5</version>
      <scope>test</scope>
    </dependency>
  </dependencies>
  <reporting>
    <plugins>
      <plugin>
        <artifactId>maven-project-info-reports-plugin</artifactId>
        <version>2.9</version>
        <configuration>
          <dependencyDetailsEnabled>false</dependencyDetailsEnabled>
          <dependencyLocationsEnabled>false</dependencyLocationsEnabled>
        </configuration>
        <reportSets>
          <reportSet>
            <reports>
              <report>index</report>
            </reports>
          </reportSet>
        </reportSets>
      </plugin>
      <plugin>
        <groupId>org.scoverage</groupId>
        <artifactId>scoverage-maven-plugin</artifactId>
        <version>${scoverage.plugin.version}</version>
        <reportSets>
          <reportSet>
            <reports>
              <report>report</report>
            </reports>
          </reportSet>
        </reportSets>
      </plugin>
    </plugins>
  </reporting>
  <properties>
    <scala.tools.version>2.10</scala.tools.version>
    <java.version>1.8</java.version>
    <tvs-etl-common.version>2.3.11</tvs-etl-common.version>
    <site.plugin.version>3.5.1</site.plugin.version>
    <sonar.scala.scoverage.reportPath>${project.basedir}/target/scoverage.xml</sonar.scala.scoverage.reportPath>
    <hbase.version>1.1.2</hbase.version>
    <project.build.sourceEncoding>UTF-8</project.build.sourceEncoding>
    <hdp.version>2.5.0.0-1245</hdp.version>
    <hadoop.version>2.7.3</hadoop.version>
    <scoverage.plugin.version>1.3.0</scoverage.plugin.version>
    <scala.version>2.10</scala.version>
    <spark.version>1.6.2</spark.version>
    <phoenix.version>4.7.0</phoenix.version>
  </properties>
</project>
