<assembly
	xmlns="http://maven.apache.org/plugins/maven-assembly-plugin/assembly/1.1.3"
	xmlns:xsi="http://www.w3.org/2001/XMLSchema-instance"
	xsi:schemaLocation="http://maven.apache.org/plugins/maven-assembly-plugin/assembly/1.1.3 http://maven.apache.org/xsd/assembly-1.1.3.xsd">
    <formats>
        <format>tar.gz</format>
    </formats>
    <id>releases</id>
    <fileSets>
    <fileSet>
        <directory>phoenix-tables</directory>
        <outputDirectory>phoenix-tables</outputDirectory>
        <includes>
            <include>*.sql</include>
        </includes>
        <lineEnding>unix</lineEnding>
        <fileMode>0774</fileMode>
    </fileSet>
    <fileSet>
        <directory>oozie</directory>
        <outputDirectory>oozie</outputDirectory>
        <includes>
            <include>*.xml</include>
            <include>*.sh</include>
        </includes>
        <lineEnding>unix</lineEnding>
        <fileMode>0774</fileMode>
    </fileSet>
    <fileSet>
        <directory>target</directory>
        <outputDirectory>lib</outputDirectory>
        <includes>
            <include>stvplus_viewership_metrics-*.jar</include>
        </includes>
        <excludes>
            <exclude>*shade*</exclude>
        </excludes>
    </fileSet>
    <fileSet>
        <directory>scripts</directory>
        <outputDirectory>/</outputDirectory>
        <includes>
            <include>*.sh</include>
        </includes>
        <lineEnding>unix</lineEnding>
        <fileMode>0774</fileMode>
    </fileSet>
    <fileSet>
        <directory>properties</directory>
        <outputDirectory>/</outputDirectory>
        <includes>
            <include>*.properties</include>
        </includes>
        <lineEnding>unix</lineEnding>
        <fileMode>0774</fileMode>
    </fileSet>
    </fileSets>
    <files>
        <file>
            <source>${basedir}/src/main/resources/application.properties</source>
            <outputDirectory>resources</outputDirectory>
        </file>
    </files>
</assembly>