<coordinator-app name="viewership_metrics_coordinator"
	frequency="${freq}" start="${startTime}" end="${endTime}" 
	timezone="${timezone}" xmlns="uri:oozie:coordinator:0.2">
	<controls>
		<execution>LAST_ONLY</execution>
	</controls>
   <action>
      <workflow>
         <app-path>${workflowAppUri}</app-path>
         <configuration>
                <property>
                    <name>jobTracker</name>
                    <value>${jobTracker}</value>
                </property>
                <property>
                    <name>nameNode</name>
                    <value>${nameNode}</value>
                </property>
                <property>
                    <name>queueName</name>
                    <value>${queueName}</value>
                </property>
        </configuration>
      </workflow>
   </action>
</coordinator-app>