<workflow-app xmlns="uri:oozie:workflow:0.3" name="viewership_metrics_workflow">
	<start to="shellAction" />
	<action name="shellAction">
		<shell xmlns="uri:oozie:shell-action:0.2">
			<job-tracker>${jobTracker}</job-tracker>
			<name-node>${nameNode}</name-node>
			<configuration>
				<property>
					<name>oozie.launcher.mapreduce.map.memory.mb</name>
					<value>1024</value>
				</property>
				<property>
					<name>oozie.launcher.mapreduce.map.java.opts</name>
					<value>-Xmx768m</value>
				</property>
				<property>
					<name>oozie.launcher.yarn.app.mapreduce.am.resource.mb</name>
					<value>768</value>
				</property>
				<property>
					<name>oozie.launcher.yarn.app.mapreduce.am.command-opts</name>
					<value>-Xmx512m</value>
				</property>
				<property>
					<name>mapred.job.queue.name</name>
					<value>${queueName}</value>
				</property>
			</configuration>
			<exec>run.sh</exec>
			<argument>${executorMemory}</argument>
			<argument>${driverMemory}</argument>
			<argument>${executors}</argument>
			<argument>${executorCores}</argument>
			<argument>${principal}</argument>
			<argument>${phoenixZookeeperUrl}</argument>
			<argument>${phoenixDatabase}</argument>
			<argument>${zookeeperUrl}</argument>
			<argument>${debugFlag}</argument>
			<argument>${channelDwellTime}</argument>
			<argument>${avodDwellTime}</argument>
			<argument>${PercOfCompletion}</argument>
			<argument>${numOfFlightsToRun}</argument>
			<argument>${flightsPerBatch}</argument>
			<argument>${smtpHost}</argument>
			<argument>${smtpPort}</argument>
			<argument>${emailFromAddress}</argument>
			<argument>${emailRecipients}</argument>
			<argument>${smtpConnectTimeoutMillis}</argument>
			<argument>${smtpTimeoutMillis}</argument>
			<argument>${hiveCompactionOptionsJsonHdfsFilePath}</argument>
			<argument>${hiveCompactionLockBaseZooKeeperPath}</argument>
			<file>${sparkScriptPath}#run.sh</file>
			<file>${keytabPath}#keytab</file>
			<file>${sparkJarPath}#app.jar</file>
			<file>${hiveCompactorConfigPath}#hivecompactorconfig.json</file>
			<capture-output />
		</shell>
		<ok to="end" />
		<error to="killEmail" />
	</action>

	<action name="killEmail">
		<email xmlns="uri:oozie:email-action:0.1">
			<to>${emailRecipients}</to>
			<subject>${wf:name()} Failed</subject>
			<body>Oozie workflow id: ${wf:id()}, run failed.Error Message: [
				${wf:errorMessage(wf:lastErrorNode())} ]
				Workflow Name : ${wf:name()}
				Workflow Id : ${wf:id()}
				Workflow Path : ${wf:appPath()}
			</body>
		</email>
		<ok to="end" />
		<error to="kill" />
	</action>

	<kill name="kill">
		<message>Action failed, error
			message[${wf:errorMessage(wf:lastErrorNode())}]</message>
	</kill>
	<end name="end" />
</workflow-app>